,1.agecat,2.agecat,3b.agecat,1.don_gender,2b.don_gender,1.don_race,2.don_race,3b.don_race
1.agecat,0.151042227,0.112033553,0,-0.007211498,0,-0.018909721,0,0
2.agecat,0.112033553,0.194802778,0,-8.21001E-05,0,-0.007397859,0,0
3b.agecat,0,0,0,0,0,0,0,0
1.don_gender,-0.007211498,-8.21001E-05,0,0.094354606,0,-0.000123559,0,0
2b.don_gender,0,0,0,0,0,0,0,0
1.don_race,-0.018909721,-0.007397859,0,-0.000123559,0,0.152779821,0,0
2.don_race,0,0,0,0,0,0,0,0
3b.don_race,0,0,0,0,0,0,0,0
# flick 20250409213600-XeaJ
# flick 20250409214207-7JyO
# flick 20250409214623-2vhr
# flick 20250409220131-yYiQ
# flick 20250409230556-8ns3
# flick 20250409231148-jDSC
# flick 20250410002735-XmYs
# flick 20250410004049-NcVP
# flick 20250410005847-obiB
# flick 20250410013800-JLbd
# flick 20250410031042-TddW
# flick 20250410032005-CmvS
# flick 20250410133819-T455
# flick 20250410144933-cNkz
# flick 20250410154740-wOOj
# flick 20250410161626-W3kS
# flick 20250410162339-mFzr
# flick 20250410163053-Pqf0
# flick 20250410202643-EZRz
# flick 20250410205733-rq4o
