,1.agecat,2.agecat,3b.agecat,1.don_gender,2b.don_gender,1.don_race,2.don_race,3b.don_race
1.agecat,0.151042227,0.112033553,0,-0.007211498,0,-0.018909721,0,0
2.agecat,0.112033553,0.194802778,0,-8.21001E-05,0,-0.007397859,0,0
3b.agecat,0,0,0,0,0,0,0,0
1.don_gender,-0.007211498,-8.21001E-05,0,0.094354606,0,-0.000123559,0,0
2b.don_gender,0,0,0,0,0,0,0,0
1.don_race,-0.018909721,-0.007397859,0,-0.000123559,0,0.152779821,0,0
2.don_race,0,0,0,0,0,0,0,0
3b.don_race,0,0,0,0,0,0,0,0
# flick 20250409213614-uL5O
# flick 20250409214219-7w85
# flick 20250409214636-40za
# flick 20250409220943-Orzt
# flick 20250409230559-PBez
# flick 20250409231151-3P1n
# flick 20250409234307-gZkZ
# flick 20250410003323-0hn0
# flick 20250410004712-F0fC
# flick 20250410010500-YiwR
# flick 20250410013246-PEJq
# flick 20250410030142-hLDJ
# flick 20250410032004-LtT9
# flick 20250410134052-6r0a
# flick 20250410141343-4GpL
# flick 20250410145603-2Ocy
# flick 20250410163052-yQ0D
# flick 20250410204359-cdrD
# flick 20250410205732-EoH8
# flick 20250410215810-iyaZ
