,don_age,1.don_gender,2b.don_gender,1.don_race,2.don_race,3b.don_race
don_age,0.000171689,0.000333131,0,0.000755353,0,0
1.don_gender,0.000333131,0.094408642,0,0.000109265,0,0
2b.don_gender,0,0,0,0,0,0
1.don_race,0.000755353,0.000109265,0,0.153342826,0,0
2.don_race,0,0,0,0,0,0
3b.don_race,0,0,0,0,0,0
# flick 20250409213614-ZF1C
# flick 20250409214219-72jp
# flick 20250409214636-WpBo
# flick 20250409220131-K6RN
# flick 20250410003327-Ggy8
# flick 20250410003640-NA4o
# flick 20250410004047-WQn6
# flick 20250410005847-AIeq
# flick 20250410013247-vu72
# flick 20250410031439-f7EL
# flick 20250410140619-POsW
# flick 20250410144301-ymL4
# flick 20250410152849-f3Sn
# flick 20250410154741-k1Y5
# flick 20250410201242-ATyy
# flick 20250410202642-kYDQ
# flick 20250410204402-w2C3
